team_key,espn_teams,odds_teams
1. FC Düren,1. FC Düren,
1. FC Heidenheim 1846,1. FC Heidenheim 1846,1. FC Heidenheim
1. FC Magdeburg,1. FC Magdeburg,1. FC Magdeburg
1. FC Nürnberg,1. FC Nürnberg,1. FC Nürnberg
1. FC Phönix Lübeck,1. FC Phönix Lübeck,
1. FC Union Berlin,1. FC Union Berlin,Union Berlin
2 de Mayo,2 de Mayo,
Aberdeen,Aberdeen,Aberdeen
AC Ajaccio,AC Ajaccio,AC Ajaccio
AC Milan,AC Milan,AC Milan
Academia Puerto Cabello,Academia Puerto Cabello,
Acassuso,Acassuso,
Accrington Stanley,Accrington Stanley,Accrington Stanley
Achuapa,Achuapa,
AD Guanacasteca,AD Guanacasteca,
Adana Demirspor,Adana Demirspor,Adana Demirspor
ADO Den Haag,ADO Den Haag,
ADT,ADT,
AEK Athens,AEK Athens,AEK Athens
AFC Bournemouth,AFC Bournemouth,Bournemouth
AFC Wimbledon,AFC Wimbledon,Wimbledon
Agropecuario,Agropecuario,
Aguila,Aguila,
Águilas Doradas,Águilas Doradas,
Airdrieonians,Airdrieonians,
AJ Auxerre,AJ Auxerre,Auxerre
Ajax Amsterdam,Ajax Amsterdam,Ajax
Akhmat Grozny,Akhmat Grozny,
Akron Tolyatti,Akron Tolyatti,
Al Ahli,Al Ahli,
Al Gharafa,Al Gharafa,
Al Hilal,Al Hilal,
Al Ittihad,Al Ittihad,
Al Nassr,Al Nassr,
Al Rayyan,Al Rayyan,
Al Sadd,Al Sadd,
Al Wasl,Al Wasl,
Al-Ain,Al-Ain,
Alajuelense,Alajuelense,
Alanyaspor,Alanyaspor,Alanyaspor
Alavés,Alavés,Alavés
Albacete,Albacete,Albacete
Albania,Albania,
Albirex Niigata,Albirex Niigata,Albirex Niigata
Aldosivi,Aldosivi,
Alebrijes de Oaxaca,Alebrijes de Oaxaca,
Alemania,Alemania,
Alemannia Aachen,Alemannia Aachen,Alemannia Aachen
Alianza Atlético,Alianza Atlético,
Alianza FC,Alianza FC,
Alianza Lima,Alianza Lima,
All Boys,All Boys,
Almagro,Almagro,
Almere City,Almere City,Almere City
Almería,Almería,Almería
Almirante Brown,Almirante Brown,
Al-Shorta,Al-Shorta,
Alvarado (Mar del Plata),Alvarado (Mar del Plata),
Always Ready,Always Ready,
Amazonas,Amazonas,Amazonas FC
Amazulu,Amazulu,
América,América,América
América de Cali,América de Cali,
América MG S20,América MG S20,
América-MG,América-MG,América Mineiro
American Samoa,American Samoa,
Anderlecht,Anderlecht,Anderlecht
Andorra,Andorra,
Angel City FC,Angel City FC,
Angers,Angers,Angers
Angostura FC,Angostura FC,
Anguilla,Anguilla,
Annecy,Annecy,Annecy FC
Antalyaspor,Antalyaspor,Antalyaspor
Antigua,Antigua,
Antigua and Barbuda,Antigua and Barbuda,
Antwerp,Antwerp,Royal Antwerp
Argentina,Argentina,
Argentina S23,Argentina S23,
Argentino (Merlo),Argentino (Merlo),
Argentino (Rosario),Argentino (Rosario),
Argentino de Quilmes,Argentino de Quilmes,
Argentinos Juniors,Argentinos Juniors,Argentinos Juniors
Aris,Aris,Aris Thessaloniki
Armenia,Armenia,
Arminia Bielefeld,Arminia Bielefeld,Arminia Bielefeld
Arouca,Arouca,Arouca
Arsenal,Arsenal,Arsenal
Arsenal Sarandi,Arsenal Sarandi,
Aruba,Aruba,
AS Monaco,AS Monaco,AS Monaco
AS Roma,AS Roma,AS Roma
ASD Torres,ASD Torres,
Asteras Tripoli,Asteras Tripoli,Asteras Tripolis
Aston Villa,Aston Villa,Aston Villa
Astur CF,Astur CF,
Atalanta,Atalanta,Atalanta BC
Athens Kallithea,Athens Kallithea,Athens Kallithea FC
Athletic Club,Athletic Club,Athletic Bilbao
Athletico-PR,Athletico-PR,Atletico Paranaense
Atlanta,Atlanta,
Atlanta United FC,Atlanta United FC,Atlanta United FC
Atlante,Atlante,
Atlas,Atlas,Atlas
Atlético de San Luis,Atlético de San Luis,Atlético San Luis
Atlético FC,Atlético FC,
Atlético GO S20,Atlético GO S20,
Atlético Grau,Atlético Grau,
Atlético Huila,Atlético Huila,
Atlético Junior,Atlético Junior,
Atlético Madrid,Atlético Madrid,Atlético Madrid
Atlético MG S20,Atlético MG S20,
Atlético Morelia,Atlético Morelia,
Atlético Nacional,Atlético Nacional,
Atlético PR S20,Atlético PR S20,
Atletico Rafaela,Atletico Rafaela,
Atlético Tucumán,Atlético Tucumán,Atlético Tucuman
Atlético-GO,Atlético-GO,Atletico Goianiense
Atlético-MG,Atlético-MG,Atletico Mineiro
Atromitos,Atromitos,Atromitos Athens
Aucas,Aucas,
Audax Italiano,Audax Italiano,Audax Italiano
Aurora,Aurora,
Aurrerá Vitoria,Aurrerá Vitoria,
Austin FC,Austin FC,Austin FC
Australia,Australia,
Austria,Austria,
Avaí,Avaí,Avai
Avispa Fukuoka,Avispa Fukuoka,Avispa Fukuoka
AVS,AVS,
Ayr United,Ayr United,
AZ Alkmaar,AZ Alkmaar,AZ Alkmaar
Azerbaijan,Azerbaijan,
Bahamas,Bahamas,
Bahia,Bahia,Bahia
Bahia S20,Bahia S20,
Bahrain,Bahrain,
Bandirmaspor,Bandirmaspor,
Banfield,Banfield,Banfield
Bangladesh,Bangladesh,
Barbados,Barbados,
Barcelona,Barcelona,Barcelona
Barcelona SC,Barcelona SC,
Bari,Bari,Bari
Barnsley,Barnsley,Barnsley
Baroka FC,Baroka FC,
Barracas Central,Barracas Central,Barracas Central
Barranquilla FC,Barranquilla FC,
Barrow,Barrow,Barrow
Bastia,Bastia,SC Bastia
Bay FC,Bay FC,
Bayer Leverkusen,Bayer Leverkusen,Bayer Leverkusen
Bayern Munich,Bayern Munich,Bayern Munich
Beerschot,Beerschot,Beerschot Wilrijk
Beijing Guoan,Beijing Guoan,Beijing FC
Belarus,Belarus,
Belgium,Belgium,
Belgrano (Córdoba),Belgrano (Córdoba),Belgrano de Cordoba
Belize,Belize,
Benfica,Benfica,Benfica
Berazategui,Berazategui,
Bermuda,Bermuda,
Besiktas,Besiktas,Besiktas JK
BG Pathum United,BG Pathum United,
Bhutan,Bhutan,
Birmingham City,Birmingham City,Birmingham City
Black Leopards,Black Leopards,
Blackburn Rovers,Blackburn Rovers,Blackburn Rovers
Blackpool,Blackpool,Blackpool
Blooming,Blooming,
Boavista,Boavista,Boavista Porto
Boca Juniors,Boca Juniors,Boca Juniors
Boca Juniors de Cali,Boca Juniors de Cali,
Bodo/Glimt,Bodo/Glimt,
Bodrum FK,Bodrum FK,Bodrum FK
Bogotá FC,Bogotá FC,
Bolívar,Bolívar,
Bolivia,Bolivia,
Bologna,Bologna,Bologna
Bolonia,Bolonia,Bologna
Bolton Wanderers,Bolton Wanderers,Bolton Wanderers
Bonaire,Bonaire,
Borussia Dortmund,Borussia Dortmund,Borussia Dortmund
Borussia Monchengladbach,Borussia Monchengladbach,Borussia Monchengladbach
Bosnia and Herzegovina,Bosnia and Herzegovina,
Boston River,Boston River,
Botafogo,Botafogo,Botafogo
Botafogo S20,Botafogo S20,
Botafogo SP,Botafogo SP,
Boyacá Chicó,Boyacá Chicó,
Bradford City,Bradford City,Bradford City
Braga,Braga,Braga
Bragantino S20,Bragantino S20,
Brasil,Brasil,
Brazil,Brazil,
Bremer SV,Bremer SV,
Brentford,Brentford,Brentford
Brescia,Brescia,Brescia
Brest,Brest,Brest
Brighton & Hove Albion,Brighton & Hove Albion,Brighton and Hove Albion
Bristol City,Bristol City,Bristol City
Bristol Rovers,Bristol Rovers,Bristol Rovers
British Virgin Islands,British Virgin Islands,
Bromley,Bromley,Bromley FC
Brown (Adrogué),Brown (Adrogué),
Brunei Darussalam,Brunei Darussalam,
Brusque,Brusque,Brusque FC
Bucaramanga,Bucaramanga,
Bulgaria,Bulgaria,
Burgos,Burgos,Burgos CF
Buriram United,Buriram United,
Burnley,Burnley,Burnley
Burton Albion,Burton Albion,Burton Albion
C.D. Nacional,C.D. Nacional,Nacional
C.D.Real Sociedad,C.D.Real Sociedad,
CA La Paz,CA La Paz,
Cacahuatique,Cacahuatique,
Cádiz,Cádiz,Cádiz CF
Caen,Caen,Caen
Cagliari,Cagliari,Cagliari
Cambaceres,Cambaceres,
Cambodia,Cambodia,
Cambridge United,Cambridge United,Cambridge United
Canada,Canada,
Cancún FC,Cancún FC,
Cangzhou Mighty Lions,Cangzhou Mighty Lions,Cangzhou Mighty Lions
Cañuelas,Cañuelas,
Cape Town City,Cape Town City,
Cape Town Spurs FC,Cape Town Spurs FC,
Carabobo,Carabobo,
Caracas FC,Caracas FC,
Cardiff City,Cardiff City,Cardiff City
Carlisle United,Carlisle United,Carlisle United
Carlos A. Mannucci,Carlos A. Mannucci,
Carrarese,Carrarese,Carrarese
Cartagines,Cartagines,
Casa Pia,Casa Pia,Casa Pia
Casric Stars,Casric Stars,
Castellón,Castellón,CD Castellón
Catania,Catania,
Catanzaro,Catanzaro,US Catanzaro 1929
Caykur Rizespor,Caykur Rizespor,Çaykur Rizespor
Cayman Islands,Cayman Islands,
CD 6 de Junio,CD 6 de Junio,
CD Baztán,CD Baztán,
CD Dragon,CD Dragon,
CD FAS,CD FAS,
CD Gévora,CD Gévora,
CD Motagua,CD Motagua,
CD Sonseca,CD Sonseca,
CD Villamuriel,CD Villamuriel,
Ceará,Ceará,Ceará
Ceará S20,Ceará S20,
Celaya,Celaya,
Celta Vigo,Celta Vigo,Celta Vigo
Celtic,Celtic,Celtic
Central Ballester,Central Ballester,
Central Coast Mariners,Central Coast Mariners,Central Coast Mariners
Central Córdoba (Rosario),Central Córdoba (Rosario),Central Córdoba
Central Córdoba (Santiago del Estero),Central Córdoba (Santiago del Estero),
Centro Español,Centro Español,
Cercle Brugge KSV,Cercle Brugge KSV,Cercle Brugge KSV
Cerezo Osaka,Cerezo Osaka,Cerezo Osaka
Cerro,Cerro,
Cerro Largo,Cerro Largo,
Cerro Porteño,Cerro Porteño,
César Vallejo,César Vallejo,
Cesena,Cesena,Cesena FC
CF Montréal,CF Montréal,Montreal Impact
CF Sporting de Mahón,CF Sporting de Mahón,
Chacarita Juniors,Chacarita Juniors,
Chaco For Ever,Chaco For Ever,
Changchun Yatai,Changchun Yatai,Changchun Yatai
Chapecoense,Chapecoense,Chapecoense
Charlotte FC,Charlotte FC,Charlotte FC
Charlton Athletic,Charlton Athletic,Charlton Athletic
Chelsea,Chelsea,Chelsea
Cheltenham Town,Cheltenham Town,Cheltenham Town
Chengdu Rongcheng,Chengdu Rongcheng,Chengdu Rongcheng FC
Chesterfield,Chesterfield,Chesterfield FC
Chicago Fire FC,Chicago Fire FC,Chicago Fire
Chicago Red Stars,Chicago Red Stars,
Chiclana,Chiclana,
Chile,Chile,
China,China,
Chippa United,Chippa United,
Cienciano del Cusco,Cienciano del Cusco,
Cittadella,Cittadella,Cittadella
Claypole,Claypole,
Clermont Foot,Clermont Foot,Clermont
Club Brugge,Club Brugge,Club Brugge
Club Brugge U21,Club Brugge U21,
Club Deportivo Génesis,Club Deportivo Génesis,
Coban Imperial,Coban Imperial,
Cobreloa,Cobreloa,
Cobresal,Cobresal,Cobresal
Colchester United,Colchester United,Colchester United
Colegiales,Colegiales,
Colo Colo,Colo Colo,Colo Colo
Colombia,Colombia,
Colón (Santa Fe),Colón (Santa Fe),
Colorado Rapids,Colorado Rapids,Colorado Rapids
Columbus Crew,Columbus Crew,Columbus Crew SC
Comerciantes Unidos,Comerciantes Unidos,
Como,Como,Como
Comunicaciones,Comunicaciones,
Consadole Sapporo,Consadole Sapporo,Consadole Sapporo
Cook Islands,Cook Islands,
Copiapó,Copiapó,Deportes Copiapó
Coquimbo Unido,Coquimbo Unido,Coquimbo Unido
Córdoba,Córdoba,Córdoba
Corinthians,Corinthians,Corinthians
Corinthians S20,Corinthians S20,
Coritiba,Coritiba,Coritiba
Correcaminos,Correcaminos,
Cosenza,Cosenza,Cosenza
Costa Rica,Costa Rica,
Coventry City,Coventry City,Coventry City
CP Parla Escuela,CP Parla Escuela,
Crawley Town,Crawley Town,Crawley Town
CRB,CRB,Clube de Regatas Brasil
Cremonese,Cremonese,Cremonese
Crewe Alexandra,Crewe Alexandra,Crewe Alexandra
Criciúma,Criciúma,Criciuma
Croatia,Croatia,
Cruz Azul,Cruz Azul,Cruz Azul
Cruzeiro,Cruzeiro,Cruzeiro
Cruzeiro S20,Cruzeiro S20,
Crystal Palace,Crystal Palace,Crystal Palace
CSKA Moscow,CSKA Moscow,
CSKA Moscú,CSKA Moscú,
Cuba,Cuba,
Cúcuta Deportivo,Cúcuta Deportivo,
Cuiabá,Cuiabá,Cuiabá
Cuiabá U20,Cuiabá U20,
Cumbayá,Cumbayá,
Curacao,Curacao,
Cusco FC,Cusco FC,
Cyprus,Cyprus,
Czechia,Czechia,
D.C. United,D.C. United,D.C. United
Danubio,Danubio,
De Graafschap,De Graafschap,
Defensa y Justicia,Defensa y Justicia,Defensa y Justicia
Defensor Sporting,Defensor Sporting,
Defensores de Belgrano,Defensores de Belgrano,
Defensores Unidos,Defensores Unidos,
Delfín,Delfín,
Dender,Dender,Dender
Denmark,Denmark,
Denmark U19,Denmark U19,
Deportes Iquique,Deportes Iquique,Deportes Iquique
Deportes Quindío,Deportes Quindío,
Deportes Tolima,Deportes Tolima,
Deportivo Armenio,Deportivo Armenio,
Deportivo Cali,Deportivo Cali,
Deportivo Cuenca,Deportivo Cuenca,
Deportivo de La Coruña,Deportivo de La Coruña,
Deportivo Español,Deportivo Español,
Deportivo Garcilaso,Deportivo Garcilaso,
Deportivo La Coruña,Deportivo La Coruña,Deportivo La Coruña
Deportivo La Guaira,Deportivo La Guaira,
Deportivo Laferrere,Deportivo Laferrere,
Deportivo Madryn,Deportivo Madryn,
Deportivo Maipú,Deportivo Maipú,
Deportivo Maldonado,Deportivo Maldonado,
Deportivo Merlo,Deportivo Merlo,
Deportivo Mixco,Deportivo Mixco,
Deportivo Morón,Deportivo Morón,
Deportivo Paraguayo,Deportivo Paraguayo,
Deportivo Pasto,Deportivo Pasto,
Deportivo Pereira,Deportivo Pereira,
Deportivo Rayo Zuliano,Deportivo Rayo Zuliano,
Deportivo Riestra,Deportivo Riestra,Deportivo Riestra
Deportivo Táchira,Deportivo Táchira,
Derby County,Derby County,Derby County
Dinamo Moscow,Dinamo Moscow,
Dinamo Zagreb,Dinamo Zagreb,Dinamo Zagreb
Dock Sud,Dock Sud,
Dominica,Dominica,
Dominican Republic,Dominican Republic,
Doncaster Rovers,Doncaster Rovers,Doncaster Rovers
Dorados de Sinaloa,Dorados de Sinaloa,
Dundee,Dundee,Dundee FC
Dundee United,Dundee United,Dundee United
Dunfermline Athletic,Dunfermline Athletic,
Dunkerque,Dunkerque,USL Dunkerque
Durban City,Durban City,
Dynamo Dresden,Dynamo Dresden,Dynamo Dresden
Dynamo Kyiv,Dynamo Kyiv,Dynamo Kyiv
Dynamo Makhachkala,Dynamo Makhachkala,
Ecuador,Ecuador,
EF Dolorense,EF Dolorense,
Egipto S23,Egipto S23,
Eibar,Eibar,SD Eibar
Eintracht Frankfurt,Eintracht Frankfurt,Eintracht Frankfurt
El Nacional,El Nacional,
El Porvenir,El Porvenir,
El Salvador,El Salvador,
Elche,Elche,Elche
Eldense,Eldense,CD Eldense
Emelec,Emelec,
Empoli,Empoli,Empoli
Energie Cottbus,Energie Cottbus,
England,England,
Envigado,Envigado,
Espanyol,Espanyol,Espanyol
España,España,
España S23,España S23,
Estados Unidos,Estados Unidos,
Estados Unidos S23,Estados Unidos S23,
Esteghlal,Esteghlal,
Estonia,Estonia,
Estoril,Estoril,Estoril
Estrela,Estrela,CF Estrela
Estudiantes (Buenos Aires),Estudiantes (Buenos Aires),
Estudiantes de La Plata,Estudiantes de La Plata,Estudiantes
Estudiantes de Mérida,Estudiantes de Mérida,
Estudiantes de Río Cuarto,Estudiantes de Río Cuarto,
Everton,Everton,Everton
Everton CD,Everton CD,Everton de Viña del Mar
Excelsior,Excelsior,
Excursionistas,Excursionistas,
Exeter City,Exeter City,Exeter City
Eyupspor,Eyupspor,Eyüpspor
Fakel Voronezh,Fakel Voronezh,
Falkirk,Falkirk,
Faroe Islands,Faroe Islands,
FC 08 Villingen,FC 08 Villingen,
FC Augsburg,FC Augsburg,Augsburg
FC Carl Zeiss Jena,FC Carl Zeiss Jena,
FC Cartagena,FC Cartagena,FC Cartagena
FC Cincinnati,FC Cincinnati,FC Cincinnati
FC Cologne,FC Cologne,1. FC Köln
FC Dallas,FC Dallas,FC Dallas
FC Den Bosch,FC Den Bosch,
FC Dordrecht,FC Dordrecht,
FC Eindhoven,FC Eindhoven,
FC Emmen,FC Emmen,
FC Erzgebirge Aue,FC Erzgebirge Aue,
FC Famalicao,FC Famalicao,
FC Groningen,FC Groningen,Groningen
FC Ingolstadt 04,FC Ingolstadt 04,FC Ingolstadt 04
FC Juarez,FC Juarez,FC Juárez
FC Khimki,FC Khimki,
FC Liefering,FC Liefering,
FC Midtjylland,FC Midtjylland,FC Midtjylland
FC Porto,FC Porto,FC Porto
FC Tokyo,FC Tokyo,FC Tokyo
FC Twente,FC Twente,FC Twente Enschede
FC Utrecht,FC Utrecht,FC Utrecht
FC Viktoria 1889 Berlin,FC Viktoria 1889 Berlin,
FC Volendam,FC Volendam,
FCSB,FCSB,FCSB
Fenerbahce,Fenerbahce,Fenerbahce
Fénix,Fénix,
Ferencvaros,Ferencvaros,
Ferro Carril Oeste,Ferro Carril Oeste,
Feyenoord Rotterdam,Feyenoord Rotterdam,Feyenoord
Fiji,Fiji,
Finland,Finland,
Fiorentina,Fiorentina,Fiorentina
FK Qarabag,FK Qarabag,
Flamengo,Flamengo,Flamengo
Flamengo S20,Flamengo S20,
Flamengo U20,Flamengo U20,
Flandria,Flandria,
Fleetwood Town,Fleetwood Town,Fleetwood Town
Fluminense,Fluminense,Fluminense
Fluminense S20,Fluminense S20,
Fortaleza,Fortaleza,Fortaleza
Fortaleza CEIF,Fortaleza CEIF,
Fortaleza S20,Fortaleza S20,
Fortuna Düsseldorf,Fortuna Düsseldorf,Fortuna Düsseldorf
Fortuna Sittard,Fortuna Sittard,Fortuna Sittard
France,France,
France U19,France U19,
Francia,Francia,
Francia S23,Francia S23,
French Guiana,French Guiana,
Frosinone,Frosinone,Frosinone
Fuerte San Francisco,Fuerte San Francisco,
Fulham,Fulham,Fulham
Galatasaray,Galatasaray,Galatasaray
Gamba Osaka,Gamba Osaka,Gamba Osaka
Gaziantep FK,Gaziantep FK,Gazişehir Gaziantep
Gazovik Orenburg,Gazovik Orenburg,
Genclerbirligi,Genclerbirligi,
General Caballero JLM,General Caballero JLM,
General Lamadrid,General Lamadrid,
Genoa,Genoa,Genoa
Génova,Génova,Genoa
Georgia,Georgia,
Germany,Germany,
Getafe,Getafe,Getafe
Gibraltar,Gibraltar,
Gil Vicente,Gil Vicente,Gil Vicente
Gillingham,Gillingham,Gillingham
Gimnasia (Mendoza),Gimnasia (Mendoza),
Gimnasia La Plata,Gimnasia La Plata,Gimnasia La Plata
Gimnasia y Esgrima (Jujuy),Gimnasia y Esgrima (Jujuy),
Gimnasia y Tiro (Salta),Gimnasia y Tiro (Salta),
Girona,Girona,Girona
Go Ahead Eagles,Go Ahead Eagles,Go Ahead Eagles
Godoy Cruz Antonio Tomba,Godoy Cruz Antonio Tomba,Godoy Cruz
Goiás,Goiás,Goiás
Goiás S20,Goiás S20,
Golden Arrows,Golden Arrows,
Goztepe,Goztepe,Goztepe
Granada,Granada,Granada CF
Granadilla Tenerife,Granadilla Tenerife,
Grasshoppers,Grasshoppers,Grasshopper Zürich
Grazer AK,Grazer AK,Grazer AK
Greece,Greece,
Greenock Morton,Greenock Morton,
Greifswalder SC,Greifswalder SC,
Grêmio,Grêmio,Grêmio
Grêmio S20,Grêmio S20,
Grenada,Grenada,
Grenoble,Grenoble,Grenoble
Grimsby Town,Grimsby Town,Grimsby Town
Guabirá,Guabirá,
Guadalajara,Guadalajara,Guadalajara
Guadeloupe,Guadeloupe,
Guarani,Guarani,Guarani
Guastatoya,Guastatoya,
Guatemala,Guatemala,
Güemes,Güemes,
Guillermo Brown,Guillermo Brown,
Guimaraes,Guimaraes,
Guinea-Bisáu S23,Guinea-Bisáu S23,
Guingamp,Guingamp,Guingamp
Guyana,Guyana,
GV San José,GV San José,
Gwangju FC,Gwangju FC,Gwangju FC
Hallescher FC,Hallescher FC,
Hamburg SV,Hamburg SV,Hamburger SV
Hamilton Academical,Hamilton Academical,
Hannover 96,Hannover 96,Hannover 96
Hansa Rostock,Hansa Rostock,Hansa Rostock
Harrogate Town,Harrogate Town,Harrogate Town
Hatayspor,Hatayspor,Hatayspor
Heart of Midlothian,Heart of Midlothian,Hearts
Heerenveen,Heerenveen,Heerenveen
Hellas Verona,Hellas Verona,Hellas Verona
Helmond Sport,Helmond Sport,
Henan Songshan Longmen,Henan Songshan Longmen,
Heracles Almelo,Heracles Almelo,Heracles Almelo
Herediano,Herediano,
Hertha Berlin,Hertha Berlin,Hertha Berlin
Hibernian,Hibernian,Hibernian
Highbury,Highbury,
Holstein Kiel,Holstein Kiel,Holstein Kiel
Honduras,Honduras,
Hong Kong,Hong Kong,
Houston Dash,Houston Dash,
Houston Dynamo FC,Houston Dynamo FC,Houston Dynamo
Huachipato,Huachipato,Huachipato
Huddersfield Town,Huddersfield Town,Huddersfield Town
Huesca,Huesca,SD Huesca
Hull City,Hull City,Hull City
Hungary,Hungary,
Hungry Lions,Hungry Lions,
Huracán,Huracán,Atlético Huracán
Iceland,Iceland,
IF Elfsborg,IF Elfsborg,IF Elfsborg
Imbabura,Imbabura,
Independiente,Independiente,Independiente
Independiente del Valle,Independiente del Valle,
Independiente Medellín,Independiente Medellín,
Independiente Petrolero,Independiente Petrolero,
Independiente Rivadavia,Independiente Rivadavia,Independiente Rivadavia
Independiente Santa Fe,Independiente Santa Fe,
Indonesia,Indonesia,
Indy Eleven,Indy Eleven,
Instituto (Córdoba),Instituto (Córdoba),Instituto de Córdoba
Inter de Barinas,Inter de Barinas,
Inter Miami CF,Inter Miami CF,Inter Miami CF
Internacional,Internacional,Internacional
Internacional FC de Palmira,Internacional FC de Palmira,
Internacional S20,Internacional S20,
Internazionale,Internazionale,Internazionale Milano
Ipswich Town,Ipswich Town,Ipswich Town
Irak S23,Irak S23,
Iraq,Iraq,
Israel,Israel,
Israel S23,Israel S23,
Istanbul Basaksehir,Istanbul Basaksehir,Basaksehir
Itagüí Leones,Itagüí Leones,
Italy,Italy,
Italy U19,Italy U19,
Ituano,Ituano,Ituano
Ituzaingó,Ituzaingó,
Jaguares de Córdoba,Jaguares de Córdoba,
Jamaica,Jamaica,
Japan,Japan,
Japón,Japón,
Japón S23,Japón S23,
JDR Stars,JDR Stars,
JJ Urquiza,JJ Urquiza,
Johor Darul Ta'zim,Johor Darul Ta'zim,
Jong Ajax,Jong Ajax,
Jong AZ,Jong AZ,
Jong FC Utrecht,Jong FC Utrecht,
Jong PSV,Jong PSV,
Jordan,Jordan,
Jorge Wilstermann,Jorge Wilstermann,
Jubilo Iwata,Jubilo Iwata,Jubilo Iwata
Juticalpa,Juticalpa,
Juve Stabia,Juve Stabia,Juve Stabia
Juventud Unida,Juventud Unida,
Juventude,Juventude,Juventude
Juventus,Juventus,Juventus
KAA Gent,KAA Gent,Gent
Kaiserslautern,Kaiserslautern,1. FC Kaiserslautern
Kaizer Chiefs,Kaizer Chiefs,
Kansas City Current,Kansas City Current,
Karlsruher SC,Karlsruher SC,Karlsruher SC
Kashima Antlers,Kashima Antlers,Kashima Antlers
Kashiwa Reysol,Kashiwa Reysol,Kashiwa Reysol
Kasimpasa,Kasimpasa,Kasimpasa SK
Kawasaki Frontale,Kawasaki Frontale,Kawasaki Frontale
Kayserispor,Kayserispor,Kayserispor
Kazakhstan,Kazakhstan,
Kickers Offenbach,Kickers Offenbach,
Kilmarnock,Kilmarnock,Kilmarnock
Kitchee,Kitchee,
K-League All-Stars,K-League All-Stars,
Konyaspor,Konyaspor,Torku Konyaspor
Kosovo,Kosovo,
Krasnodar,Krasnodar,
Kruger United,Kruger United,
Krylia Sovetov,Krylia Sovetov,
Kuwait,Kuwait,
KV Kortrijk,KV Kortrijk,KV Kortrijk
KV Mechelen,KV Mechelen,KV Mechelen
KVC Westerlo,KVC Westerlo,Westerlo
Kyoto Sanga,Kyoto Sanga,Kyoto Purple Sanga
Kyrgyz Republic,Kyrgyz Republic,
La Equidad,La Equidad,
LA Galaxy,LA Galaxy,LA Galaxy
LAFC,LAFC,Los Angeles FC
Lamia,Lamia,PAS Lamia 1964
Lanús,Lanús,Lanus
Las Palmas,Las Palmas,Las Palmas
LASK Linz Amateure,LASK Linz Amateure,LASK
Latvia,Latvia,
Lazio,Lazio,Lazio
Le Havre AC,Le Havre AC,Le Havre
Leandro N. Alem,Leandro N. Alem,
Lebanon,Lebanon,
Lecce,Lecce,Lecce
Leeds United,Leeds United,Leeds United
Leganés,Leganés,Leganés
Leicester City,Leicester City,Leicester City
Lens,Lens,RC Lens
León,León,León
Leones,Leones,
Leruma United,Leruma United,
Levadiakos,Levadiakos,Levadiakos
Levante,Levante,Levante
Levante Las Planas,Levante Las Planas,
Leyton Orient,Leyton Orient,Leyton Orient
Libertad,Libertad,
Libertad (Ecuador),Libertad (Ecuador),
Liechtenstein,Liechtenstein,
Liga de Quito,Liga de Quito,
Liga MX All-Stars,Liga MX All-Stars,
Lille,Lille,Lille
Lincoln City,Lincoln City,Lincoln City
Liniers,Liniers,
Lithuania,Lithuania,
Liverpool,Liverpool,Liverpool
Livingston,Livingston,
Llaneros,Llaneros,
Lokomotiv Moscow,Lokomotiv Moscow,
Lorient,Lorient,Lorient
Los Andes,Los Andes,
Los Chankas,Los Chankas,
Louisville City FC,Louisville City FC,
Ludogorets Razgrad,Ludogorets Razgrad,
Lugano,Lugano,
Luis Angel Firpo,Luis Angel Firpo,
Luján,Luján,
Lusitano Évora 1911,Lusitano Évora 1911,
Luton Town,Luton Town,Luton
Luxembourg,Luxembourg,
Lyon,Lyon,Lyon
Macará,Macará,
Macau,Macau,
Maccabi Tel-Aviv,Maccabi Tel-Aviv,Maccabi Tel Aviv
Machida Zelvia,Machida Zelvia,FC Machida Zelvia
Madrid CFF,Madrid CFF,
Magesi FC,Magesi FC,
Mainz,Mainz,FSV Mainz 05
Malacateco,Malacateco,
Málaga,Málaga,Málaga
Malaysia,Malaysia,
Malí S23,Malí S23,
Mallorca,Mallorca,Mallorca
Malmö FF,Malmö FF,Malmo FF
Malta,Malta,
Mamelodi Sundowns,Mamelodi Sundowns,
Manchester City,Manchester City,Manchester City
Manchester United,Manchester United,Manchester United
Manises CF,Manises CF,
Mansfield Town,Mansfield Town,Mansfield Town
Mantova,Mantova,Mantova
Marathon,Marathon,
Maritimo,Maritimo,
Marquense,Marquense,
Marruecos S23,Marruecos S23,
Marseille,Marseille,Marseille
Martigues,Martigues,FC Martigues
Martinique,Martinique,
Marumo Gallants,Marumo Gallants,
Mazatlán FC,Mazatlán FC,Mazatlán FC
Meizhou Hakka,Meizhou Hakka,Meizhou Hakka
Melgar,Melgar,
Melilla CD,Melilla CD,
Mercedes,Mercedes,
Metapan,Metapan,
Metropolitanos FC,Metropolitanos FC,
Metz,Metz,Metz
MFK Kosice,MFK Kosice,
Middlesbrough,Middlesbrough,Middlesbrough
Midland,Midland,
Milford FC,Milford FC,
Millonarios,Millonarios,
Millwall,Millwall,Millwall
Milton Keynes Dons,Milton Keynes Dons,Milton Keynes Dons
Mineros de Zacatecas,Mineros de Zacatecas,
Minnesota United FC,Minnesota United FC,Minnesota United FC
Miramar,Miramar,
Miramar Misiones,Miramar Misiones,
Mirandés,Mirandés,CD Mirandés
Mirassol,Mirassol,Mirassol
Mitre (Santiago del Estero),Mitre (Santiago del Estero),
MLS All-Stars,MLS All-Stars,
Modena,Modena,Modena
Moldova,Moldova,
Monagas SC,Monagas SC,
Mongolia,Mongolia,
Montenegro,Montenegro,
Monterrey,Monterrey,Monterrey
Montpellier,Montpellier,Montpellier
Montserrat,Montserrat,
Monza,Monza,Monza
Morecambe,Morecambe,Morecambe
Moreirense,Moreirense,Moreirense FC
Motherwell,Motherwell,Motherwell
Municipal,Municipal,
Municipal Liberia,Municipal Liberia,
Municipal Limeño,Municipal Limeño,
Muñiz,Muñiz,
Mushuc Runa,Mushuc Runa,
MVV Maastricht,MVV Maastricht,
NAC Breda,NAC Breda,NAC Breda
Nacional,Nacional,Nacional
Nacional de Madeira,Nacional de Madeira,
Nacional Potosí,Nacional Potosí,
Nagoya Grampus,Nagoya Grampus,Nagoya Grampus
Nantes,Nantes,Nantes
Nantong Zhiyun,Nantong Zhiyun,
Napoli,Napoli,Napoli
Nashville SC,Nashville SC,Nashville SC
NEC Nijmegen,NEC Nijmegen,NEC Nijmegen
Necaxa,Necaxa,Necaxa
Netherlands,Netherlands,
New Caledonia,New Caledonia,
New England Revolution,New England Revolution,New England Revolution
New York City FC,New York City FC,New York City FC
New York Red Bulls,New York Red Bulls,New York Red Bulls
New Zealand,New Zealand,
Newcastle United,Newcastle United,Newcastle United
Newell's Old Boys,Newell's Old Boys,Newells Old Boys
Newport County,Newport County,Newport County
Nicaragua,Nicaragua,
Nice,Nice,Nice
Nice II,Nice II,
Nigeria,Nigeria,
Nizhny Novgorod,Nizhny Novgorod,
NJ/NY Gotham FC,NJ/NY Gotham FC,
North Carolina Courage,North Carolina Courage,
North Korea,North Korea,
North Macedonia,North Macedonia,
Northampton Town,Northampton Town,Northampton Town
Northern Ireland,Northern Ireland,
Northern Ireland U19,Northern Ireland U19,
Norway,Norway,
Norway U19,Norway U19,
Norwich City,Norwich City,Norwich City
Nottingham Forest,Nottingham Forest,Nottingham Forest
Notts County,Notts County,Notts County
Novorizontino,Novorizontino,
Nueva Chicago,Nueva Chicago,
Nueva Zelanda,Nueva Zelanda,
Nueva Zelanda S23,Nueva Zelanda S23,
Numancia,Numancia,
Ñublense,Ñublense,Ñublense
OFI Crete,OFI Crete,OFI Crete
O'Higgins,O'Higgins,O'Higgins
Olancho,Olancho,
Olimpia,Olimpia,
Olympiacos,Olympiacos,Olympiakos Piraeus
Once Caldas,Once Caldas,
Once Deportivo,Once Deportivo,
Ontiñena CF,Ontiñena CF,
Operario PR,Operario PR,Operario PR
Orbit College,Orbit College,
Orense,Orense,
Oriente Petrolero,Oriente Petrolero,
Orlando City SC,Orlando City SC,Orlando City SC
Orlando Pirates,Orlando Pirates,
Orlando Pride,Orlando Pride,
Orsomarso SC,Orsomarso SC,
Osasuna,Osasuna,CA Osasuna
Oud-Heverlee Leuven,Oud-Heverlee Leuven,Leuven
Oxford United,Oxford United,Oxford United
Pachuca,Pachuca,Pachuca
Padova,Padova,
Pakhtakor Tashkent,Pakhtakor Tashkent,
Palermo,Palermo,Palermo
Palestine,Palestine,
Palestino,Palestino,Palestino
Palmeiras,Palmeiras,Palmeiras
Palmeiras S20,Palmeiras S20,
Panathinaikos,Panathinaikos,Panathinaikos
Panetolikos,Panetolikos,Panetolikos Agrinio
Panserraikos FC,Panserraikos FC,Panserraikos FC
PAOK Salonika,PAOK Salonika,PAOK
Papua New Guinea,Papua New Guinea,
Paraguay,Paraguay,
Paraguay S23,Paraguay S23,
Paris FC,Paris FC,Paris FC
Paris Saint-Germain,Paris Saint-Germain,Paris Saint Germain
Parma,Parma,Parma
Partick Thistle,Partick Thistle,
Patriotas,Patriotas,
Patronato,Patronato,
Pau,Pau,Pau FC
Paysandu,Paysandu,Paysandu
PEC Zwolle,PEC Zwolle,FC Zwolle
Peñarol,Peñarol,Peñarol Montevideo
Perez Zeledon,Perez Zeledon,
Persepolis,Persepolis,
Peterborough United,Peterborough United,Peterborough United
Philadelphia Union,Philadelphia Union,Philadelphia Union
Philippines,Philippines,
Pisa,Pisa,Pisa
Platense,Platense,Platense
Platense Zacatecoluca,Platense Zacatecoluca,
Plymouth Argyle,Plymouth Argyle,Plymouth Argyle
Pohang Steelers,Pohang Steelers,Pohang Steelers
Poland,Poland,
Polokwane City,Polokwane City,
Ponte Preta,Ponte Preta,Ponte Preta
Port Vale,Port Vale,Port Vale
Portimonense,Portimonense,
Portland Thorns FC,Portland Thorns FC,
Portland Timbers,Portland Timbers,Portland Timbers
Portsmouth,Portsmouth,Portsmouth
Portugal,Portugal,
Portuguesa,Portuguesa,
Preston North End,Preston North End,Preston North End
Pretoria Callies,Pretoria Callies,
Pretoria University,Pretoria University,
Progreso,Progreso,
Promesas EDF,Promesas EDF,
PSV Eindhoven,PSV Eindhoven,PSV Eindhoven
Puebla,Puebla,Puebla
Puerto Nuevo,Puerto Nuevo,
Puerto Rico,Puerto Rico,
Pumas UNAM,Pumas UNAM,Pumas
Puntarenas,Puntarenas,
Qatar,Qatar,
Qingdao Hainiu,Qingdao Hainiu,Qingdao Hainiu FC
Qingdao West Coast,Qingdao West Coast,
Queen's Park,Queen's Park,
Queens Park Rangers,Queens Park Rangers,Queens Park Rangers
Querétaro,Querétaro,Querétaro
Quilmes,Quilmes,
Racing,Racing,
Racing (Córdoba),Racing (Córdoba),
Racing (Montevideo),Racing (Montevideo),
Racing Club,Racing Club,Racing Club
Racing Ferrol,Racing Ferrol,Racing de Ferrol
Racing Genk,Racing Genk,Genk
Racing Louisville FC,Racing Louisville FC,
Racing Santander,Racing Santander,Real Racing Club de Santander
Raith Rovers,Raith Rovers,
Rampla Juniors,Rampla Juniors,
Rangers,Rangers,Rangers
Rapid Vienna,Rapid Vienna,Rapid Wien
Rayo Vallecano,Rayo Vallecano,Rayo Vallecano
RB Leipzig,RB Leipzig,RB Leipzig
RB Salzburg,RB Salzburg,RB Salzburg
Reading,Reading,Reading
Real Betis,Real Betis,Real Betis
Real Cartagena,Real Cartagena,
Real Cundinamarca,Real Cundinamarca,
Real Espana,Real Espana,
Real Madrid,Real Madrid,Real Madrid
Real Oviedo,Real Oviedo,Oviedo
Real Pilar,Real Pilar,
Real Salt Lake,Real Salt Lake,Real Salt Lake
Real Santa Cruz,Real Santa Cruz,
Real Santander,Real Santander,
Real Soacha Cundinamarca,Real Soacha Cundinamarca,
Real Sociedad,Real Sociedad,Real Sociedad
Real Tomayapo,Real Tomayapo,
Real Valladolid,Real Valladolid,Valladolid
Real Zaragoza,Real Zaragoza,Zaragoza
Red Bull Bragantino,Red Bull Bragantino,Bragantino-SP
Red Star Belgrade,Red Star Belgrade,Red Star Belgrade
Red Star FC 93,Red Star FC 93,Red Star
Reggiana,Reggiana,Reggiana
Republic of Ireland,Republic of Ireland,
República Dominicana S23,República Dominicana S23,
Richards Bay,Richards Bay,
Rigas Futbola Skola,Rigas Futbola Skola,
Rio Ave,Rio Ave,Rio Ave FC
River Plate,River Plate,River Plate
RKC Waalwijk,RKC Waalwijk,RKC Waalwijk
Roda JC Kerkrade,Roda JC Kerkrade,
Rodez Aveyron,Rodez Aveyron,Rodez AF
Romania,Romania,
Rosario Central,Rosario Central,Rosario Central
Ross County,Ross County,Ross County
Rostov,Rostov,
Rotherham United,Rotherham United,Rotherham United
Rot-Weiss Essen,Rot-Weiss Essen,Rot-Weiss Essen
Royal AM,Royal AM,
Royal Charleroi SC,Royal Charleroi SC,Charleroi
Royal Pari,Royal Pari,
Rubin Kazan,Rubin Kazan,
Russia,Russia,
Saarbrücken,Saarbrücken,
Sacachispas,Sacachispas,
Sagan Tosu,Sagan Tosu,Sagan Tosu
Saint-Etienne,Saint-Etienne,Saint Etienne
Sakaryaspor,Sakaryaspor,
Salernitana,Salernitana,Salernitana
Salford City,Salford City,Salford City
Samoa,Samoa,
Sampdoria,Sampdoria,Sampdoria
Samsunspor,Samsunspor,Samsunspor
San Antonio Bulo Bulo,San Antonio Bulo Bulo,
San Carlos,San Carlos,
San Diego Wave FC,San Diego Wave FC,
San Jose Earthquakes,San Jose Earthquakes,San Jose Earthquakes
San Lorenzo,San Lorenzo,San Lorenzo
San Marino,San Marino,
San Martín (Burzaco),San Martín (Burzaco),
San Martín (San Juan),San Martín (San Juan),
San Martín (Tucumán),San Martín (Tucumán),
San Miguel,San Miguel,
San Telmo,San Telmo,
San Tirso SD,San Tirso SD,
Sanfrecce Hiroshima,Sanfrecce Hiroshima,Hiroshima Sanfrecce FC
Santa Ana F.C.,Santa Ana F.C.,
Santa Clara,Santa Clara,Santa Clara
Santos,Santos,Santos
Santos S20,Santos S20,
São Paulo,São Paulo,Sao Paulo
São Paulo S20,São Paulo S20,
Saprissa,Saprissa,
Sarmiento (Junín),Sarmiento (Junín),Sarmiento de Junin
Sassuolo,Sassuolo,Sassuolo
Saudi Arabia,Saudi Arabia,
SC Amiens,SC Amiens,Amiens
SC Cambuur,SC Cambuur,
SC Farense,SC Farense,SC Farense
SC Freiburg,SC Freiburg,SC Freiburg
SC Paderborn 07,SC Paderborn 07,SC Paderborn
Schalke 04,Schalke 04,FC Schalke 04
Schott,Schott,
Scotland,Scotland,
Seattle Reign FC,Seattle Reign FC,
Seattle Sounders FC,Seattle Sounders FC,Seattle Sounders FC
Sekhukhune United,Sekhukhune United,
Selaya FC,Selaya FC,
Serbia,Serbia,
Sevilla,Sevilla,Sevilla
Shakhtar Donetsk,Shakhtar Donetsk,Shakhtar Donetsk
Shandong Taishan,Shandong Taishan,Shandong Luneng Taishan FC
Shanghai Port,Shanghai Port,Shanghai SIPG FC
Shanghai Shenhua,Shanghai Shenhua,Shanghai Shenhua FC
Sheffield United,Sheffield United,Sheffield United
Sheffield Wednesday,Sheffield Wednesday,Sheffield Wednesday
Shenzhen Xinpengcheng,Shenzhen Xinpengcheng,Shenzhen Peng City FC
Shonan Bellmare,Shonan Bellmare,Shonan Bellmare
Shrewsbury Town,Shrewsbury Town,Shrewsbury Town
Sint Maarten,Sint Maarten,
Sint-Truidense,Sint-Truidense,Sint Truiden
Sivasspor,Sivasspor,Sivasspor
SK Sturm Graz,SK Sturm Graz,Sturm Graz
Slavia Prague,Slavia Prague,
Slovakia,Slovakia,
Slovan Bratislava,Slovan Bratislava,ŠK Slovan Bratislava
Slovenia,Slovenia,
Sol de América,Sol de América,
Solomon Islands,Solomon Islands,
South Korea,South Korea,
Southampton,Southampton,Southampton
Spain,Spain,
Spain U19,Spain U19,
Sparta Prague,Sparta Prague,Sparta Prague
Sparta Rotterdam,Sparta Rotterdam,Sparta Rotterdam
Spartak Moscow,Spartak Moscow,
Spezia,Spezia,Spezia
Sport,Sport,Sport Recife
Sport Boys,Sport Boys,
Sport Huancayo,Sport Huancayo,
Sportfreunde Lotte,Sportfreunde Lotte,
Sporting CP,Sporting CP,Sporting Lisbon
Sporting Cristal,Sporting Cristal,
Sporting Gijón,Sporting Gijón,Sporting Gijón
Sporting Kansas City,Sporting Kansas City,Sporting Kansas City
Sporting San José,Sporting San José,
Sportivo Ameliano,Sportivo Ameliano,
Sportivo Barracas,Sportivo Barracas,
Sportivo Italiano,Sportivo Italiano,
Sportivo Luqueño,Sportivo Luqueño,
SpVgg Greuther Furth,SpVgg Greuther Furth,Greuther Fürth
Sri Lanka,Sri Lanka,
SSV Jahn Regensburg,SSV Jahn Regensburg,Jahn Regensburg
SSV Ulm 1846,SSV Ulm 1846,SSV Ulm 1846
St Johnstone,St Johnstone,St Johnstone
St Mirren,St Mirren,St Mirren
St. Kitts and Nevis,St. Kitts and Nevis,
St. Louis CITY SC,St. Louis CITY SC,St. Louis City SC
St. Lucia,St. Lucia,
St. Martin,St. Martin,
St. Pauli,St. Pauli,FC St. Pauli
St. Vincent and the Grenadines,St. Vincent and the Grenadines,
Stade de Reims,Stade de Reims,Stade de Reims
Stade Laval,Stade Laval,Stade Lavallois
Stade Rennais,Stade Rennais,Rennes
Standard Liege,Standard Liege,Standard Liege
Stellenbosch,Stellenbosch,
Stevenage,Stevenage,Stevenage
Stockport County,Stockport County,Stockport County FC
Stoke City,Stoke City,Stoke City
Strasbourg,Strasbourg,Strasbourg
Suditrol,Suditrol,Südtirol
Sunderland,Sunderland,Sunderland
SuperSport United,SuperSport United,
Suriname,Suriname,
SV 07 Elversberg,SV 07 Elversberg,Elversberg
SV Austria Salzburg,SV Austria Salzburg,Salzburg
SV Darmstadt 98,SV Darmstadt 98,SV Darmstadt 98
SV Meppen,SV Meppen,
SV Sandhausen,SV Sandhausen,SV Sandhausen
SV Wehen Wiesbaden,SV Wehen Wiesbaden,
Swansea City,Swansea City,Swansea City
Sweden,Sweden,
Swindon Town,Swindon Town,Swindon Town
Switzerland,Switzerland,
Tacuary,Tacuary,
Tahiti,Tahiti,
Tajikistan,Tajikistan,
Talleres,Talleres,Talleres
Talleres (Córdoba),Talleres (Córdoba),
Tampico Madero,Tampico Madero,
Tapatío,Tapatío,
Técnico Universitario,Técnico Universitario,
Telstar,Telstar,
Temperley,Temperley,
Tenerife,Tenerife,Tenerife
Tepatitlán FC,Tepatitlán FC,
Teutonia Ottensen,Teutonia Ottensen,
Thailand,Thailand,
The Strongest,The Strongest,
Tianjin Jinmen Tiger,Tianjin Jinmen Tiger,Tianjin Jinmen Tiger FC
Tigre,Tigre,CA Tigre BA
Tigres,Tigres,Tigres
Tigres UANL,Tigres UANL,Tigres
Tijuana,Tijuana,Tijuana
Timor-Leste,Timor-Leste,
Tlaxcala FC,Tlaxcala FC,
Tokyo Verdy 1969,Tokyo Verdy 1969,Tokyo Verdy
Toluca,Toluca,Toluca
Tonga,Tonga,
TOP Oss,TOP Oss,
Torino,Torino,Torino
Toronto FC,Toronto FC,Toronto FC
Tottenham Hotspur,Tottenham Hotspur,Tottenham Hotspur
Toulouse,Toulouse,Toulouse
Trabzonspor,Trabzonspor,Trabzonspor
Tranmere Rovers,Tranmere Rovers,Tranmere Rovers
Trinidad and Tobago,Trinidad and Tobago,
Trinidense,Trinidense,
Tristán Suárez,Tristán Suárez,
Troyes,Troyes,Troyes
TS Galaxy,TS Galaxy,
TSG Hoffenheim,TSG Hoffenheim,TSG Hoffenheim
TSV Eintracht Braunschweig,TSV Eintracht Braunschweig,
Turkey,Turkey,
Turkey U19,Turkey U19,
Turks and Caicos Islands,Turks and Caicos Islands,
TUS Koblenz,TUS Koblenz,
U. de G.,U. de G.,
U.S. Pergolettese,U.S. Pergolettese,
UAI Urquiza,UAI Urquiza,
Ucrania S23,Ucrania S23,
UD Playas de Sotavento,UD Playas de Sotavento,
UD San Pedro,UD San Pedro,
Udinese,Udinese,Udinese
UE Vic,UE Vic,
Ukraine,Ukraine,
Ukraine U19,Ukraine U19,
Ulsan Hyundai,Ulsan Hyundai,
UNFP,UNFP,
Unión (Santa Fe),Unión (Santa Fe),Union Santa Fe
Unión Comercio,Unión Comercio,
Unión Española,Unión Española,Unión Española
Unión La Calera,Unión La Calera,Union La Calera
Unión Magdalena,Unión Magdalena,
Union St.-Gilloise,Union St.-Gilloise,Union Saint-Gilloise
United Arab Emirates,United Arab Emirates,
United States,United States,
Universidad Católica,Universidad Católica,Universidad Católica (CHI)
Universidad Católica (Quito),Universidad Católica (Quito),
Universidad Central,Universidad Central,
Universidad de Chile,Universidad de Chile,Universidad de Chile
Universitario,Universitario,
Universitario de Vinto,Universitario de Vinto,
Upington City,Upington City,
UPNFM,UPNFM,
Urawa Red Diamonds,Urawa Red Diamonds,Urawa Red Diamonds
Uruguay,Uruguay,
US Avellino,US Avellino,
US Virgin Islands,US Virgin Islands,
Utah Royals,Utah Royals,
UTC,UTC,
Uzbekistán S23,Uzbekistán S23,
Valencia,Valencia,Valencia
Vancouver Whitecaps,Vancouver Whitecaps,Vancouver Whitecaps FC
Vanuatu,Vanuatu,
Vasco da Gama,Vasco da Gama,Vasco da Gama
Vélez Sarsfield,Vélez Sarsfield,Velez Sarsfield BA
Venados FC,Venados FC,
Venda Football Acadamy,Venda Football Acadamy,
Venezia,Venezia,Venezia
Venezuela,Venezuela,
Versailles 78,Versailles 78,
VfB Stuttgart,VfB Stuttgart,VfB Stuttgart
VfL Bochum,VfL Bochum,VfL Bochum
VfL Osnabruck,VfL Osnabruck,
VfL Wolfsburg,VfL Wolfsburg,VfL Wolfsburg
VfR Aalen,VfR Aalen,
VfV Hildesheim,VfV Hildesheim,
Victoria,Victoria,
Victoriano Arenas,Victoriano Arenas,
Vietnam,Vietnam,
Viktoria Plzen,Viktoria Plzen,
Vila Nova-GO,Vila Nova-GO,Vila Nova
Villa Dálmine,Villa Dálmine,
Villa San Carlos,Villa San Carlos,
Villarreal,Villarreal,Villarreal
Vissel Kobe,Vissel Kobe,Vissel Kobe
Vitesse,Vitesse,
Vitória,Vitória,Vitoria
Volos NFC,Volos NFC,Volos FC
VVV-Venlo,VVV-Venlo,
Wales,Wales,
Walsall,Walsall,Walsall
Wanderers,Wanderers,
Washington Spirit,Washington Spirit,
Watford,Watford,Watford
Werder Bremen,Werder Bremen,Werder Bremen
West Bromwich Albion,West Bromwich Albion,West Bromwich Albion
West Ham United,West Ham United,West Ham United
Wigan Athletic,Wigan Athletic,Wigan Athletic
Willem II,Willem II,Willem II
Wolverhampton Wanderers,Wolverhampton Wanderers,Wolverhampton Wanderers
Wrexham,Wrexham,Wrexham AFC
WSG Swarovski Tirol,WSG Swarovski Tirol,WSG Tirol
Wuhan Three Towns,Wuhan Three Towns,Wuhan Three Towns
Würzburger Kickers,Würzburger Kickers,
Wycombe Wanderers,Wycombe Wanderers,Wycombe Wanderers
Xelaju,Xelaju,
Xinabajul,Xinabajul,
Yokohama F. Marinos,Yokohama F. Marinos,Yokohama F Marinos
Young Boys,Young Boys,Young Boys
Yupanqui,Yupanqui,
Zacapa,Zacapa,
Zambia,Zambia,
Zamora,Zamora,
Zenit St Petersburg,Zenit St Petersburg,Zenit St Petersburg
Zhejiang Professional FC,Zhejiang Professional FC,
SantosMX,Santos,Santos Laguna
Atalanta,Atalanta,Atalanta
Internazionale,Internazionale,Inter Milan
Bayern Munich,Bayern Munich,Bayern München
Lille,Lille,LOSC Lille
Young Boys,Young Boys,BSC Young Boys
SK Sturm Graz,SK Sturm Graz,SK Sturm Graz
Grêmio,Grêmio,Grêmio Novorizontino
PAOK Salonika,PAOK Salonika,PAOK Thessaloniki
FC Luzern,FC Luzern,FC Luzern
FC Zurich,FC Zurich,FC Zurich
Servette,Servette,Servette
FC Sion,FC Sion,FC Sion
FC Basel,FC Basel,FC Basel
St. Gallen,St. Gallen,FC St Gallen
Lausanne Sports,Lausanne Sports,FC Lausanne-Sport
Winterthur,Winterthur,FC Winterthur
Yverdon,Yverdon,Yverdon Sport FC
FC Lugano,FC Lugano,FC Lugano
AS Monaco,AS Monaco,Monaco
Puerto Montt,Puerto Montt,
Western Sydney Wanderers,Western Sydney Wanderers,Western Sydney Wanderers
Wellington Phoenix FC,Wellington Phoenix FC,Wellington Phoenix FC
Auckland FC,Auckland FC,Auckland FC
Newcastle Jets,Newcastle Jets,Newcastle Jets FC
FC Blau-Weiß Linz,FC Blau-Weiß Linz,FC Blau-Weiß Linz
Macarthur FC,Macarthur FC,Macarthur FC
SK Austria Klagenfurt,SK Austria Klagenfurt,Austria Klagenfurt
Adelaide United,Adelaide United,Adelaide United
Melbourne City FC,Melbourne City FC,Melbourne City
Perth Glory,Perth Glory,Perth Glory
Austria Vienna,Austria Vienna,Austria Wien
SC Rheindorf Altach,SC Rheindorf Altach,Rheindorf Altach
TSV Hartberg,TSV Hartberg,Hartberg
Western United,Western United,Western United FC
Wolfsberger,Wolfsberger,Wolfsberger AC
LASK Linz,LASK Linz,FC Blau-Weiß Linz
Melbourne Victory,Melbourne Victory,Melbourne Victory
Sydney FC,Sydney FC,Sydney FC
Brisbane Roar,Brisbane Roar,Brisbane Roar
Magallanes,Magallanes,
Atlético-MG,Atlético-MG,Clube Atlético Mineiro
Preußen Münster,Preußen Münster,SC Preußen Münster
